<?xml version="1.0" encoding="UTF-8"?>
<beans xmlns="http://www.springframework.org/schema/beans"
       xmlns:xsi="http://www.w3.org/2001/XMLSchema-instance"
       xsi:schemaLocation="http://www.springframework.org/schema/beans http://www.springframework.org/schema/beans/spring-beans.xsd">

  <import resource="classpath:spring/config/auto_config_context.xml"/>
  <!-- timeout in seconds -->
  <bean id="restClient" class="com.prosper.marketplace.client.framework.RestEasyClient" init-method="init">
    <property name="maxConnectionsPerRoute" value="20"/>
    <property name="connectionTimeout" value="10"/>
  </bean>

  <bean id="oAuthService" class="com.prosper.marketplace.client.service.impl.OAuthServiceImpl">
    <property name="endpoint" value="http://${platform.security.host.name}/"/>
    <property name="clientId" value="${oauth.marketplace.client.id}" />
    <property name="clientSecret" value="${oauth.marketplace.client.password}" />
    <property name="client" ref="restClient" />
  </bean>

  <bean id="oAuthTokenCacheService" class="com.prosper.marketplace.client.framework.OAuthTokenCacheServiceImpl" >
    <property name="oAuthService" ref="oAuthService" />
  </bean>
     
  <bean id="marketplaceService" class="com.prosper.marketplace.client.service.impl.MarketplaceServiceImpl">
    <property name="endpoint" value="http://${platform.marketplace.host.name}/"/>
    <property name="client" ref="restClient" />
    <property name="oAuthTokenCacheService" ref="oAuthTokenCacheService" />
  </bean>

</beans>
