<?xml version="1.0" encoding="UTF-8"?>
<beans xmlns:xsi="http://www.w3.org/2001/XMLSchema-instance"
       xmlns="http://www.springframework.org/schema/beans"
       xsi:schemaLocation="http://www.springframework.org/schema/beans
       http://www.springframework.org/schema/beans/spring-beans.xsd
       http://www.springframework.org/schema/beans
       http://www.springframework.org/schema/beans/spring-beans.xsd">

    <bean id="jiraClientConfig" class="com.prosper.automation.core.httpClient.HttpClientConfig">
        <property name="basicAuthUserName" value="qa_auto_test@prosper.com"/>
        <property name="basicAuthUserPassword" value="Welcome1"/>
        <property name="clientConnectionTimeout" value="10"/>
        <property name="clientSocketTimeout" value="120"/>
        <property name="scheme" value="https"/>
        <property name="hosts">
            <map>
                <entry key="jira-service" value="jira.prosper.com"/>
            </map>
        </property>
    </bean>

    <bean id="jiraClient" class="com.prosper.automation.jira.clients.JiraClientImpl">
        <constructor-arg ref="jiraClientConfig"/>
    </bean>

    <bean id="jobRepository" class="org.springframework.batch.core.repository.support.SimpleJobRepository">
        <constructor-arg>
            <bean class="org.springframework.batch.core.repository.dao.MapJobInstanceDao"/>
        </constructor-arg>
        <constructor-arg>
            <bean class="org.springframework.batch.core.repository.dao.MapJobExecutionDao"/>
        </constructor-arg>
        <constructor-arg>
            <bean class="org.springframework.batch.core.repository.dao.MapStepExecutionDao"/>
        </constructor-arg>
        <constructor-arg>
            <bean class="org.springframework.batch.core.repository.dao.MapExecutionContextDao"/>
        </constructor-arg>
    </bean>

    <bean id="transactionManager" class="org.springframework.batch.support.transaction.ResourcelessTransactionManager"/>

    <bean id="jobLauncher"
          class="org.springframework.batch.core.launch.support.SimpleJobLauncher">
        <property name="jobRepository" ref="jobRepository"/>
    </bean>

    <!--  This is to make use of the spring provided test launcher -->
   <!-- <bean class="org.springframework.batch.test.JobLauncherTestUtils"/>-->
</beans>
