<?xml version="1.0" encoding="UTF-8"?>
<beans xmlns:xsi="http://www.w3.org/2001/XMLSchema-instance"
       xmlns:batch="http://www.springframework.org/schema/batch"
       xmlns:context="http://www.springframework.org/schema/context"
       xmlns:util="http://www.springframework.org/schema/util" xmlns="http://www.springframework.org/schema/beans"
       xsi:schemaLocation="http://www.springframework.org/schema/beans
       http://www.springframework.org/schema/beans/spring-beans.xsd
       http://www.springframework.org/schema/batch
       http://www.springframework.org/schema/batch/spring-batch.xsd
       http://www.springframework.org/schema/context
       http://www.springframework.org/schema/context/spring-context.xsd
       http://www.springframework.org/schema/util
       http://www.springframework.org/schema/util/spring-util.xsd">

    <context:property-placeholder location="classpath:listing_attr_processor.properties"/>

    <import resource="classpath:spring/jira_client_context.xml"/>

    <bean id="sshConfiguration" class="com.prosper.automation.configuration.SSHConfiguration">
        <constructor-arg name="hostName" value="${gds.host.name}"/>
        <constructor-arg name="user" value="${gds.host.user}"/>
        <constructor-arg name="password" value="${gds.host.password}"/>
    </bean>

    <bean id="sshUtilities" class="com.prosper.automation.util.SSHUtilities" destroy-method="close">
        <constructor-arg name="sshConfiguration" ref="sshConfiguration"/>
    </bean>

    <util:map id="gdsHosts" map-class="java.util.HashMap">
        <entry key="gds-direct" value="${gds.host.name}"/>
    </util:map>

    <bean id="gdsHttpClientConfig" class="com.prosper.automation.core.httpClient.HttpClientConfig">
        <property name="clientConnectionTimeout" value="${gds.http.connect.timeout}"/>
        <property name="clientSocketTimeout" value="${gds.http.socket.timeout}"/>
        <property name="scheme" value="${gds.host.scheme}"/>
        <property name="hosts" ref="gdsHosts"/>
    </bean>

    <bean id="gdsClient" class="com.prosper.automation.gds.GDSClient">
        <constructor-arg ref="gdsHttpClientConfig"/>
    </bean>

    <bean id="jobRepository" class="org.springframework.batch.core.repository.support.SimpleJobRepository">
        <constructor-arg>
            <bean class="org.springframework.batch.core.repository.dao.MapJobInstanceDao"/>
        </constructor-arg>
        <constructor-arg>
            <bean class="org.springframework.batch.core.repository.dao.MapJobExecutionDao"/>
        </constructor-arg>
        <constructor-arg>
            <bean class="org.springframework.batch.core.repository.dao.MapStepExecutionDao"/>
        </constructor-arg>
        <constructor-arg>
            <bean class="org.springframework.batch.core.repository.dao.MapExecutionContextDao"/>
        </constructor-arg>
    </bean>

    <bean id="transactionManager" class="org.springframework.batch.support.transaction.ResourcelessTransactionManager"/>

    <bean id="jobLauncher"
          class="org.springframework.batch.core.launch.support.SimpleJobLauncher">
        <property name="jobRepository" ref="jobRepository"/>
    </bean>


    <bean id="taskExecutor" class="org.springframework.core.task.SimpleAsyncTaskExecutor">
        <property name="concurrencyLimit" value="${gds.listing.processor.number.of.threads}"/>
    </bean>

    <!-- listing attribute reader -->
    <bean id="listingAttributeReader" class="com.prosper.automation.batch.reader.gds.ListingAttributeReader">
        <constructor-arg name="jiraService" ref="jiraService"/>
        <constructor-arg name="ticketNumber" value="${gds.listing.ticket.number}"/>
        <constructor-arg name="fileName" value="${gds.listing.file.name}"/>
    </bean>

    <!-- listing attribute processor -->
    <bean id="listingAttributeProcessor" class="com.prosper.automation.batch.processor.gds.ListingAttributeProcessor">
        <constructor-arg name="gdsClient" ref="gdsClient"/>
        <constructor-arg name="sshUtilities" ref="sshUtilities"/>
        <constructor-arg name="remoteDirectory" value="${gds.host.web.service.request.directory}"/>
    </bean>

    <!-- listing attribute writer -->
    <bean id="listingAttributeWriter" class="com.prosper.automation.batch.writer.gds.ListingAttributeWriter">
        <constructor-arg name="outputFilePath" value="${gds.listing.output.file.path}"/>
    </bean>

    <bean id="listingAttributeDestructor" class="com.prosper.automation.batch.tasklet.ListingAttributeDestructor">
        <constructor-arg name="sshUtilities" ref="sshUtilities"/>
    </bean>

    <batch:job id="listing-processor-job" restartable="true" job-repository="jobRepository">
        <batch:step id="process-listing" next="destroy-ssh-connection">
            <batch:tasklet task-executor="taskExecutor" throttle-limit="${gds.listing.processor.number.of.threads}">
                <batch:chunk reader="listingAttributeReader" processor="listingAttributeProcessor"
                             writer="listingAttributeWriter"
                             commit-interval="${gds.listing.processor.number.of.threads}"/>
            </batch:tasklet>
        </batch:step>
        <batch:step id="destroy-ssh-connection">
            <batch:tasklet ref="listingAttributeDestructor"/>
        </batch:step>
    </batch:job>
</beans>
