<!DOCTYPE suite SYSTEM "http://testng.org/testng-1.0.dtd" >

<suite name="Marketplace Service Endurance">
    <parameter name="environment" value="${environment}"/>

    <test name="Get Offer Endurance Test">
        <classes>
            <class name="test.end2end.MarketplaceServiceEndToEndTest"/>
        </classes>
    </test>
    <test name="Admin Oauth Creation to Get Offer Endurance Test">
        <classes>
            <class name="test.end2end.PartnerOauthCreationToOffersEndtoEndTest"/>
        </classes>
    </test>
</suite>
