<!DOCTYPE suite SYSTEM "http://testng.org/testng-1.0.dtd" >

<suite name="[API_TEST] Campaign API Test Suite" parallel="methods" thread-count="4">
    <parameter name="environment" value="${environment}"/>

    <test name="[GET] /campaign/campaign/">
        <classes>
            <class name="test.api.java.platformCampaign.GetCampaignTest"/>
        </classes>
    </test>
    <test name="[POST] /campaign/campaign - Create campaign">
        <classes>
            <class name="test.api.java.platformCampaign.CreateCampaignTest"/>
        </classes>
    </test>
    <test name="[POST] /campaign/campaign/ - Update campaign">
        <classes>
            <class name="test.api.java.platformCampaign.UpdateCampaignTest"/>
        </classes>
    </test>
    <test name="[DELETE] /campaign/campaign/:campaignId">
        <classes>
            <class name="test.api.java.platformCampaign.DeleteCampaignTest"/>
        </classes>
    </test>
</suite>
