<!DOCTYPE suite SYSTEM "http://testng.org/testng-1.0.dtd" >

<suite name="[API_TEST] Partner API Test Suite" parallel="methods" thread-count="4">
    <parameter name="environment" value="${environment}"/>

    <test name="[GET] /partner/partner/">
        <classes>
            <class name="test.api.java.platformPartner.GetPartnerTest"/>
        </classes>
    </test>
    <test name="[POST] /partner/partner - Create Partner">
        <classes>
            <class name="test.api.java.platformPartner.CreatePartnerTest"/>
        </classes>
    </test>
    <test name="[POST] /partner/partner/ - Update Partner">
        <classes>
            <class name="test.api.java.platformPartner.UpdatePartnerTest"/>
        </classes>
    </test>
    <test name="[DELETE] /partner/partner/:partnerId">
        <classes>
            <class name="test.api.java.platformPartner.DeletePartnerTest"/>
        </classes>
    </test>
</suite>
