<!DOCTYPE suite SYSTEM "http://testng.org/testng-1.0.dtd" >

<suite name="Borrower Public Site UI Test Suite" preserve-order="true" parallel="tests" thread-count="3">

    <parameter name="environment" value="${environment}"/>
  	 <test name="Borrower Account Registration on Direct to Site With Mii Card Bank Info Page Flow Test">
        <classes>
            <class  name="test.ui.pubsite.borrower.directToSite.BorrowDTSFunnelSmokeTest"/>
        </classes>
    </test>
     <test name="Prior Borrower Account Registration on Direct to Site Without Mii Card Bank Info Page Flow Test">
        <classes>
            <class  name="test.ui.pubsite.borrower.directToSite.BorrowerDTSExistingUserListingTest"/>
        </classes>
    </test>
     <test name="Borrower Account Registration on Direct to Site With Mii Card Bank Info Page Via Loan Estimator Flow Test">
        <classes>
            <class  name="test.ui.pubsite.borrower.directToSite.BorrowerDTSLoanEstimatorFunnelSmokeTest"/>
        </classes>
    </test>
   
</suite>
