<!DOCTYPE suite SYSTEM "http://testng.org/testng-1.0.dtd" >

<suite name="TU Borrower Public Site UI Test Suite" preserve-order="true" parallel="tests" thread-count="2">

    <parameter name="environment" value="${environment}"/>
    <test name="Borrower Account Registration on Direct to Site With TU Test">
        <classes>
            <class  name="test.ui.pubsite.borrower.TransUnion.BorrowDTSFunnelSmokeTest"/>
        </classes>
    </test>
   	<test name="Borrower Account Registration on Plp Page With TU Test">
        <classes>
            <class  name="test.ui.pubsite.borrower.TransUnion.PlpRadioNewUserListingCreationTest"/>
        </classes>
     </test>
     <test name="Borrower Account Registration on Direct Exchange With TU Test">
        <classes>
            <class  name="test.ui.pubsite.borrower.TransUnion.BorrowerDXGetOfferNewUserTest"/>
        </classes>
     </test>
      <test name="Borrower Account Registration on Direct Mail With TU Test">
        <classes>
            <class  name="test.ui.pubsite.borrower.TransUnion.DMBorrowerCompleteListingTest"/>
        </classes>
    </test>
  	     <test name="Borrower Account Registration on Phl Page With TU Test">
        <classes>
            <class  name="test.ui.pubsite.borrower.TransUnion.PHLFunnelSanityTest"/>
        </classes>
    </test>
      <test name="Borrower Account Registration on Applied By Phone With TU Test">
        <classes>
            <class  name="test.ui.pubsite.borrower.TransUnion.ABPHappyPathATest"/>
        </classes>
     </test>
</suite>
