<?xml version="1.0" encoding="UTF-8"?>

<suite name="SSN scenarios across all offer pages" parallel="methods" thread-count="3">
	
	 <test name= "DTS SSN Scenarios">
		<classes>
			<class name="test.ui.pubsite.borrower.directToSite.idv.IDVSliderOfferPageTest" />
			<class name="test.ui.pubsite.borrower.directToSite.idv.IDVOriginalOfferPageTest" />
			<class name="test.ui.pubsite.borrower.directToSite.idv.IDVAlternateOfferPageTest" />
		</classes>
	 </test>
	
	 <test name= "ABP SSN Scenarios">
		<classes>
			<class name="test.ui.pubsite.borrower.appByPhone.idv.ABPUserIdentityVerificationTest" />
		</classes>
	</test>
	
	<test name= "DM SSN Scenarios">
		<classes>
			<class name="test.ui.pubsite.borrower.directMail.idv.DMUserIdentityVerificationWithOriginalOfferTest" />
			<class name="test.ui.pubsite.borrower.directMail.idv.DMUserIdentityVerificationWithAlternateOfferTest"/>
			<class name="test.ui.pubsite.borrower.directMail.idv.DMUserIdentityVerificationWithSliderOfferTest"/>
		</classes>
	</test>
	
	<test name= "QP SSN Scenarios">
		<classes>
		<class name="test.ui.pubsite.borrower.plp.IDVQPAlternateOfferPageTest" />
		<class name="test.ui.pubsite.borrower.plp.IDVQPSliderOfferPageTest" />
		<class name="test.ui.pubsite.borrower.plp.IDVQPOriginalOfferPageTest" />
		</classes>
	</test>
	
	<test name = "PHL SSN Scenarios">
		<classes>
			<class name="test.ui.phl.idv.PHLUserIdentityVerificationTest"/>
		</classes>
	</test>
	
	<test name="DX SSN Scenarios">
		<classes>
			<class name="test.ui.pubsite.borrower.dataExchange.idv.DXUserIdentityVerificationTest"/>
		</classes>
	</test>
</suite>